{
    "root_group": {
        "name": "",
        "path": "",
        "id": "d41d8cd98f00b204e9800998ecf8427e",
        "groups": {},
        "checks": {
                "status is 200": {
                    "fails": 0,
                    "name": "status is 200",
                    "path": "::status is 200",
                    "id": "6210a8cd14cd70477eba5c5e4cb3fb5f",
                    "passes": 2400
                }
            }
    },
    "metrics": {
        "http_req_duration": {
            "max": 144.646702,
            "p(90)": 109.028601,
            "p(95)": 110.71523805,
            "avg": 103.33265474416676,
            "min": 91.241229,
            "med": 102.967645,
            "thresholds": {
                "p(95)<1200": false,
                "p(99)<2500": false
            }
        },
        "http_req_blocked": {
            "med": 0.00027,
            "max": 23.153713,
            "p(90)": 0.00033,
            "p(95)": 0.00039,
            "avg": 0.2656976525000019,
            "min": 0.00017
        },
        "http_req_tls_handshaking": {
            "p(90)": 0,
            "p(95)": 0,
            "avg": 0.24645374000000003,
            "min": 0,
            "med": 0,
            "max": 21.764478
        },
        "http_req_sending": {
            "med": 0.032169500000000004,
            "max": 0.167119,
            "p(90)": 0.046782,
            "p(95)": 0.052760999999999995,
            "avg": 0.03507248833333332,
            "min": 0.02038
        },
        "http_req_duration{expected_response:true}": {
            "p(95)": 110.71523805,
            "avg": 103.33265474416676,
            "min": 91.241229,
            "med": 102.967645,
            "max": 144.646702,
            "p(90)": 109.028601
        },
        "iterations": {
            "count": 2400,
            "rate": 19.990743175590506
        },
        "checks": {
            "passes": 2400,
            "fails": 0,
            "thresholds": {
                "rate>0.99": false
            },
            "value": 1
        },
        "iteration_duration": {
            "avg": 103.70865456083338,
            "min": 91.522838,
            "med": 103.1591595,
            "max": 144.742802,
            "p(90)": 109.448173,
            "p(95)": 111.36540349999999
        },
        "http_req_connecting": {
            "p(90)": 0,
            "p(95)": 0,
            "avg": 0.017673407083333335,
            "min": 0,
            "med": 0,
            "max": 1.676785
        },
        "http_req_waiting": {
            "med": 100.780272,
            "max": 142.534249,
            "p(90)": 106.822966,
            "p(95)": 108.5207545,
            "avg": 101.45207018875,
            "min": 90.511181
        },
        "http_req_receiving": {
            "avg": 1.8455120670833325,
            "min": 0.261079,
            "med": 1.909093,
            "max": 9.01645,
            "p(90)": 2.8190409,
            "p(95)": 3.450609499999998
        },
        "http_req_failed": {
            "passes": 0,
            "fails": 2400,
            "thresholds": {
                "rate<0.01": false
            },
            "value": 0
        },
        "data_received": {
            "rate": 227798.40835129676,
            "count": 27348467
        },
        "http_reqs": {
            "count": 2400,
            "rate": 19.990743175590506
        },
        "vus_max": {
            "max": 30,
            "value": 30,
            "min": 30
        },
        "vus": {
            "value": 2,
            "min": 1,
            "max": 2
        },
        "data_sent": {
            "count": 242405,
            "rate": 2019.106708116257
        }
    }
}