{
    "metrics": {
        "vus": {
            "max": 1,
            "value": 1,
            "min": 1
        },
        "http_req_waiting": {
            "med": 556.4147025,
            "max": 574.485093,
            "p(90)": 564.9090279,
            "p(95)": 567.26887905,
            "avg": 556.7293567777778,
            "min": 545.778188
        },
        "http_reqs": {
            "count": 360,
            "rate": 2.9941772264670123
        },
        "http_req_duration{expected_response:true}": {
            "med": 556.516022,
            "max": 574.579653,
            "p(90)": 565.0211271,
            "p(95)": 567.39094755,
            "avg": 556.8374973222228,
            "min": 545.885478
        },
        "http_req_receiving": {
            "p(95)": 0.041444499999999995,
            "avg": 0.03309303055555554,
            "min": 0.02322,
            "med": 0.032215,
            "max": 0.09209,
            "p(90)": 0.038486
        },
        "http_req_duration": {
            "max": 574.579653,
            "p(90)": 565.0211271,
            "p(95)": 567.39094755,
            "avg": 556.8374973222228,
            "min": 545.885478,
            "med": 556.516022,
            "thresholds": {
                "p(95)<1500": false,
                "p(99)<3000": false
            }
        },
        "data_received": {
            "count": 64180,
            "rate": 533.7952622073691
        },
        "iteration_duration": {
            "p(95)": 569.65575715,
            "avg": 558.0723141805556,
            "min": 546.051298,
            "med": 556.833635,
            "max": 753.681472,
            "p(90)": 566.5835355
        },
        "iterations": {
            "count": 360,
            "rate": 2.9941772264670123
        },
        "checks": {
            "passes": 360,
            "fails": 0,
            "thresholds": {
                "rate>0.98": false
            },
            "value": 1
        },
        "http_req_blocked": {
            "avg": 1.0532752722222223,
            "min": 0.00017,
            "med": 0.00027,
            "max": 190.375632,
            "p(90)": 0.00034,
            "p(95)": 0.00048100000000000025
        },
        "vus_max": {
            "value": 10,
            "min": 10,
            "max": 10
        },
        "http_req_connecting": {
            "p(95)": 0,
            "avg": 0.039614697222222224,
            "min": 0,
            "med": 0,
            "max": 1.487125,
            "p(90)": 0
        },
        "http_req_sending": {
            "max": 0.1757,
            "p(90)": 0.087715,
            "p(95)": 0.09609955,
            "avg": 0.07504751388888894,
            "min": 0.05044,
            "med": 0.07334
        },
        "data_sent": {
            "count": 62717,
            "rate": 521.6272586453656
        },
        "http_req_failed": {
            "passes": 0,
            "fails": 360,
            "thresholds": {
                "rate<0.02": false
            },
            "value": 0
        },
        "http_req_tls_handshaking": {
            "p(90)": 0,
            "p(95)": 0,
            "avg": 0.5385919416666667,
            "min": 0,
            "med": 0,
            "max": 22.588695
        }
    },
    "root_group": {
        "name": "",
        "path": "",
        "id": "d41d8cd98f00b204e9800998ecf8427e",
        "groups": {},
        "checks": {
                "status is 200 or 204": {
                    "name": "status is 200 or 204",
                    "path": "::status is 200 or 204",
                    "id": "8ad3e66ceb5b0be24ab2e9560fd4a506",
                    "passes": 360,
                    "fails": 0
                }
            }
    }
}