{
    "root_group": {
        "name": "",
        "path": "",
        "id": "d41d8cd98f00b204e9800998ecf8427e",
        "groups": {},
        "checks": {
                "status is 200 or 204": {
                    "name": "status is 200 or 204",
                    "path": "::status is 200 or 204",
                    "id": "8ad3e66ceb5b0be24ab2e9560fd4a506",
                    "passes": 1053,
                    "fails": 0
                }
            }
    },
    "metrics": {
        "data_sent": {
            "count": 203063,
            "rate": 1667.1463317858527
        },
        "dropped_iterations": {
            "count": 148,
            "rate": 1.2150793453475335
        },
        "http_req_tls_handshaking": {
            "max": 38.946522,
            "p(90)": 0,
            "p(95)": 0,
            "avg": 1.042305645773979,
            "min": 0,
            "med": 0
        },
        "http_reqs": {
            "count": 1053,
            "rate": 8.645125342236167
        },
        "iteration_duration": {
            "avg": 3105.254076888894,
            "min": 668.129824,
            "med": 3045.134207,
            "max": 6149.85418,
            "p(90)": 4760.8544016000005,
            "p(95)": 5180.5690404
        },
        "vus_max": {
            "value": 40,
            "min": 15,
            "max": 40
        },
        "http_req_failed": {
            "passes": 0,
            "fails": 1053,
            "thresholds": {
                "rate<0.02": false
            },
            "value": 0
        },
        "iterations": {
            "count": 1053,
            "rate": 8.645125342236167
        },
        "data_received": {
            "count": 234274,
            "rate": 1923.3885037293787
        },
        "http_req_duration{expected_response:true}": {
            "min": 619.634425,
            "med": 3044.984368,
            "max": 6149.74361,
            "p(90)": 4760.7000058,
            "p(95)": 5180.399297,
            "avg": 3103.989448741695
        },
        "checks": {
            "passes": 1053,
            "fails": 0,
            "thresholds": {
                "rate>0.98": false
            },
            "value": 1
        },
        "http_req_duration": {
            "avg": 3103.989448741695,
            "min": 619.634425,
            "med": 3044.984368,
            "max": 6149.74361,
            "p(90)": 4760.7000058,
            "p(95)": 5180.399297,
            "thresholds": {
                "p(95)<1500": true,
                "p(99)<3000": true
            }
        },
        "http_req_connecting": {
            "avg": 0.07764884140550808,
            "min": 0,
            "med": 0,
            "max": 26.916511,
            "p(90)": 0,
            "p(95)": 0
        },
        "http_req_waiting": {
            "min": 619.356366,
            "med": 3044.889178,
            "max": 6149.65927,
            "p(90)": 4760.6061786,
            "p(95)": 5180.306029,
            "avg": 3103.8993771633413
        },
        "vus": {
            "max": 40,
            "value": 16,
            "min": 7
        },
        "http_req_blocked": {
            "min": 0.00018,
            "med": 0.00028,
            "max": 48.411181,
            "p(90)": 0.00034,
            "p(95)": 0.0005039999999999998,
            "avg": 1.123844490978158
        },
        "http_req_sending": {
            "avg": 0.06686029819563145,
            "min": 0.032199,
            "med": 0.06645,
            "max": 0.238809,
            "p(90)": 0.081684,
            "p(95)": 0.086894
        },
        "http_req_receiving": {
            "p(90)": 0.032968,
            "p(95)": 0.03609999999999999,
            "avg": 0.02321128015194681,
            "min": 0.00732,
            "med": 0.02168,
            "max": 0.11399
        }
    }
}