{
    "metrics": {
        "http_req_receiving": {
            "p(95)": 114.15557670000005,
            "avg": 19.480926579161927,
            "min": 0,
            "med": 1.791854,
            "max": 3150.622848,
            "p(90)": 10.078522999999999
        },
        "data_received": {
            "count": 41873077,
            "rate": 279150.9092546989
        },
        "http_req_failed": {
            "passes": 523,
            "fails": 3892,
            "thresholds": {
                "rate<0.01": true
            },
            "value": 0.11845979614949037
        },
        "http_req_blocked": {
            "avg": 3.2673302135899798,
            "min": 0.00016,
            "med": 0.00027,
            "max": 363.436158,
            "p(90)": 0.00037,
            "p(95)": 21.714012
        },
        "http_req_waiting": {
            "med": 115.307079,
            "max": 60001.054829,
            "p(90)": 60000.013791800004,
            "p(95)": 60000.5274158,
            "avg": 8140.883815592762,
            "min": 91.250159
        },
        "http_reqs": {
            "count": 4415,
            "rate": 29.433023619436796
        },
        "http_req_connecting": {
            "max": 6.764868,
            "p(90)": 0,
            "p(95)": 1.3320603000000002,
            "avg": 0.11579942944507357,
            "min": 0,
            "med": 0
        },
        "iterations": {
            "count": 4415,
            "rate": 29.433023619436796
        },
        "dropped_iterations": {
            "rate": 33.94630946096765,
            "count": 5092
        },
        "http_req_sending": {
            "avg": 0.030512742015855045,
            "min": 0.01588,
            "med": 0.02707,
            "max": 0.347909,
            "p(90)": 0.04260199999999999,
            "p(95)": 0.05243100000000001
        },
        "http_req_duration": {
            "p(90)": 60000.0417272,
            "p(95)": 60000.558383899996,
            "avg": 8160.395254913926,
            "min": 92.015606,
            "med": 117.764271,
            "max": 60001.081359,
            "thresholds": {
                "p(99)<2500": true,
                "p(95)<1200": true
            }
        },
        "vus": {
            "value": 93,
            "min": 76,
            "max": 320
        },
        "vus_max": {
            "value": 320,
            "min": 120,
            "max": 320
        },
        "data_sent": {
            "count": 1069674,
            "rate": 7131.084961969974
        },
        "http_req_duration{expected_response:true}": {
            "max": 38519.967793,
            "p(90)": 957.2684830000001,
            "p(95)": 5590.0719364999995,
            "avg": 1194.5560076682941,
            "min": 92.015606,
            "med": 113.00135599999999
        },
        "http_req_tls_handshaking": {
            "avg": 3.0354767626274066,
            "min": 0,
            "med": 0,
            "max": 270.492126,
            "p(90)": 0,
            "p(95)": 20.20519600000001
        },
        "iteration_duration": {
            "avg": 8163.750584923216,
            "min": 92.124445,
            "med": 120.027094,
            "max": 60001.254608,
            "p(90)": 60000.269563199996,
            "p(95)": 60000.7275136
        },
        "checks": {
            "passes": 3892,
            "fails": 523,
            "thresholds": {
                "rate>0.99": true
            },
            "value": 0.8815402038505096
        }
    },
    "root_group": {
        "name": "",
        "path": "",
        "id": "d41d8cd98f00b204e9800998ecf8427e",
        "groups": {},
        "checks": {
                "status is 200": {
                    "name": "status is 200",
                    "path": "::status is 200",
                    "id": "6210a8cd14cd70477eba5c5e4cb3fb5f",
                    "passes": 3892,
                    "fails": 523
                }
            }
    }
}