{
    "root_group": {
        "path": "",
        "id": "d41d8cd98f00b204e9800998ecf8427e",
        "groups": {},
        "checks": {
                "status is 200": {
                    "name": "status is 200",
                    "path": "::status is 200",
                    "id": "6210a8cd14cd70477eba5c5e4cb3fb5f",
                    "passes": 2400,
                    "fails": 0
                }
            },
        "name": ""
    },
    "metrics": {
        "http_req_waiting": {
            "med": 108.1591375,
            "max": 2073.470162,
            "p(90)": 177.97758000000002,
            "p(95)": 239.73920649999997,
            "avg": 138.94060035166655,
            "min": 95.668264
        },
        "http_req_sending": {
            "max": 0.16001,
            "p(90)": 0.047852,
            "p(95)": 0.052720500000000003,
            "avg": 0.03708954250000004,
            "min": 0.022059,
            "med": 0.034835000000000005
        },
        "http_reqs": {
            "count": 2400,
            "rate": 19.99020137001063
        },
        "http_req_duration{expected_response:true}": {
            "max": 2129.097828,
            "p(90)": 190.07712379999995,
            "p(95)": 274.40173229999976,
            "avg": 145.65358218291664,
            "min": 96.280212,
            "med": 110.195436
        },
        "http_req_blocked": {
            "avg": 0.26054721791666835,
            "min": 0.00017,
            "med": 0.00027,
            "max": 22.634795,
            "p(90)": 0.00033,
            "p(95)": 0.00042
        },
        "data_received": {
            "count": 24682007,
            "rate": 205582.62089417165
        },
        "iterations": {
            "count": 2400,
            "rate": 19.99020137001063
        },
        "http_req_duration": {
            "min": 96.280212,
            "med": 110.195436,
            "max": 2129.097828,
            "p(90)": 190.07712379999995,
            "p(95)": 274.40173229999976,
            "avg": 145.65358218291664,
            "thresholds": {
                "p(95)<1200": false,
                "p(99)<2500": false
            }
        },
        "vus": {
            "value": 2,
            "min": 2,
            "max": 13
        },
        "http_req_connecting": {
            "avg": 0.01764107833333333,
            "min": 0,
            "med": 0,
            "max": 1.626544,
            "p(90)": 0,
            "p(95)": 0
        },
        "http_req_tls_handshaking": {
            "avg": 0.24144958499999997,
            "min": 0,
            "med": 0,
            "max": 21.14209,
            "p(90)": 0,
            "p(95)": 0
        },
        "http_req_receiving": {
            "avg": 6.675892288749992,
            "min": 0.035389,
            "med": 1.9646780000000001,
            "max": 189.785993,
            "p(90)": 6.470200999999992,
            "p(95)": 55.22062994999995
        },
        "iteration_duration": {
            "p(95)": 276.1517922499995,
            "avg": 146.0305391512503,
            "min": 96.381532,
            "med": 110.46807000000001,
            "max": 2129.201137,
            "p(90)": 190.22954799999997
        },
        "checks": {
            "passes": 2400,
            "fails": 0,
            "thresholds": {
                "rate>0.99": false
            },
            "value": 1
        },
        "http_req_failed": {
            "passes": 0,
            "fails": 2400,
            "thresholds": {
                "rate<0.01": false
            },
            "value": 0
        },
        "data_sent": {
            "count": 241153,
            "rate": 2008.6237629092388
        },
        "vus_max": {
            "min": 30,
            "max": 30,
            "value": 30
        }
    }
}