{
    "root_group": {
        "checks": {
            "status is 200 or 204": {
                "name": "status is 200 or 204",
                "path": "::status is 200 or 204",
                "id": "8ad3e66ceb5b0be24ab2e9560fd4a506",
                "passes": 1183,
                "fails": 0
            }
        },
        "name": "",
        "path": "",
        "id": "d41d8cd98f00b204e9800998ecf8427e",
        "groups": {}
    },
    "metrics": {
        "http_req_connecting": {
            "max": 18.22523,
            "p(90)": 0,
            "p(95)": 0,
            "avg": 0.053668777683854606,
            "min": 0,
            "med": 0
        },
        "vus": {
            "min": 5,
            "max": 32,
            "value": 5
        },
        "http_req_waiting": {
            "avg": 765.7607588334736,
            "min": 506.404976,
            "med": 562.445322,
            "max": 13691.838716,
            "p(90)": 621.639002,
            "p(95)": 1143.3916772999994
        },
        "data_sent": {
            "count": 206356,
            "rate": 1711.6030020483636
        },
        "http_req_tls_handshaking": {
            "avg": 0.6490628926458157,
            "min": 0,
            "med": 0,
            "max": 56.909491,
            "p(90)": 0,
            "p(95)": 0
        },
        "data_received": {
            "count": 211480,
            "rate": 1754.1036018976329
        },
        "http_req_duration{expected_response:true}": {
            "avg": 765.8647980143708,
            "min": 506.534126,
            "med": 562.559151,
            "max": 13691.935465,
            "p(90)": 621.7333719999999,
            "p(95)": 1143.4869133999994
        },
        "http_reqs": {
            "rate": 9.81229695973567,
            "count": 1183
        },
        "vus_max": {
            "value": 33,
            "min": 15,
            "max": 33
        },
        "http_req_receiving": {
            "p(90)": 0.039316,
            "p(95)": 0.044664999999999996,
            "avg": 0.032135915469146265,
            "min": 0.00737,
            "med": 0.02783,
            "max": 1.603504
        },
        "iterations": {
            "count": 1183,
            "rate": 9.81229695973567
        },
        "http_req_duration": {
            "med": 562.559151,
            "max": 13691.935465,
            "p(90)": 621.7333719999999,
            "p(95)": 1143.4869133999994,
            "avg": 765.8647980143708,
            "min": 506.534126,
            "thresholds": {
                "p(95)<1500": false,
                "p(99)<3000": true
            }
        },
        "checks": {
            "passes": 1183,
            "fails": 0,
            "thresholds": {
                "rate>0.98": false
            },
            "value": 1
        },
        "dropped_iterations": {
            "count": 18,
            "rate": 0.1492995310864261
        },
        "http_req_failed": {
            "fails": 1183,
            "passes": 0,
            "thresholds": {
                "rate<0.02": false
            },
            "value": 0
        },
        "iteration_duration": {
            "min": 506.755646,
            "med": 562.92979,
            "max": 13712.483128,
            "p(90)": 621.932707,
            "p(95)": 1143.6240013999993,
            "avg": 766.7339345562131
        },
        "http_req_blocked": {
            "p(95)": 0.00054,
            "avg": 0.7055767058326307,
            "min": 0.00018,
            "med": 0.00029,
            "max": 75.319531,
            "p(90)": 0.00046
        },
        "http_req_sending": {
            "p(95)": 0.09994899999999998,
            "avg": 0.07190326542688098,
            "min": 0.03805,
            "med": 0.06787,
            "max": 1.120987,
            "p(90)": 0.08979979999999999
        }
    }
}